ID,Title,Handle,"Product Type",Tags
9753728516393,"24 Mantra Green Tea 3.5 oz",24-mantra-green-tea-3-5-oz,Tea,Tea
9753738445097,"24 Mantra Organic Assam Tea 100gm",24-mantra-organic-assam-tea-100gm,Tea,Tea
9753739165993,"24 Mantra Organic Green Tea Bags 25 Count",24-mantra-organic-green-tea-bags-25-count,Tea,Tea
9753738805545,"24 Mantra Organic Tulsi Green Tea Bags",24-mantra-organic-tulsi-green-tea-bags,Tea,Tea
9753739034921,"24M Org Green Tea - 3.5oz",24m-org-green-tea-3-5oz,Tea,Tea
9753739559209,"24M Org Tulsi Ginger Tea - 1.75oz",24m-org-tulsi-ginger-tea-1-75oz,Tea,Tea
9753739395369,"24M Org Tulsi Green Tea - 1.75oz",24m-org-tulsi-green-tea-1-75oz,Tea,Tea
9753728352553,"24M Organic Tulsi Ginger Tea Bags 1.32oz",24m-organic-tulsi-ginger-tea-bags-1-32oz,Tea,Tea
9753746243881,"Amar Alphanso Mango Tidbites (Green) (Unsweetend) Natural 850gm",amar-alphanso-mango-tidbites-green-unsweetend-natural-850gm,Fruits,Fruits
9753746047273,"Amar Alphonso Mango Pulp (Purple) Unsweetened Natural 850gm",amar-alphonso-mango-pulp-purple-unsweetened-natural-850gm,Fruits,Fruits
9753785860393,"Amul Butter Salted - 1.1lb/500gm",amul-butter-salted-1-1lb-500gm,Frozen,Frozen
9748806467881,"Amul Malai Paneer Diced - 200gm",amul-malai-paneer-diced-200gm,Paneer,Paneer
9753789989161,"Anand Fro Green Jack Fruit Blanched - 1lb",anand-fro-green-jack-fruit-blanched-1lb,Frozen,Frozen
9753788023081,"Anand Fro Sambar Mix (Mixed Veg) - 1lb",anand-fro-sambar-mix-mixed-veg-1lb,Frozen,Frozen
9753786482985,"Anand Fro Uzhunnu Vada (Catering Pack) - 2lb",anand-fro-uzhunnu-vada-catering-pack-2lb,Frozen,Frozen
9753761841449,"Anand Fro Yam/Suran - 1lb",anand-fro-yam-suran-1lb,Vegetables,Vegetables
9753760006441,"Anand Frozen Avial Mix (Mixed Veg) 1LB",anand-frozen-avial-mix-mixed-veg-1lb,Vegetables,Vegetables
9753809518889,"Anand Frozen Ceylon Paratha - 1LB",anand-frozen-ceylon-paratha-1lb,"Naan & Breads","Naan & Breads"
9753787793705,"Anand Frozen Drumsticks (Peeled) - 1lb",anand-frozen-drumsticks-peeled-1lb,Frozen,Frozen
9753774424361,"Anand Frozen Drumsticks 16oz",anand-frozen-drumsticks-16oz,Vegetables,Vegetables
9753753944361,"Anand Frozen Grated Coconut - 1LB",anand-frozen-grated-coconut-1lb,Fruits,Fruits
9753760956713,"Anand Frozen Green Cut Mango Blanched - 1LB",anand-frozen-green-cut-mango-blanched-1lb,Vegetables,Vegetables
9753811943721,"Anand Frozen Kerala Parotta - 1LB",anand-frozen-kerala-parotta-1lb,"Naan & Breads","Naan & Breads"
9753810862377,"Anand Frozen Kothu Paratha 1 LB",anand-frozen-kothu-paratha-1-lb,"Naan & Breads","Naan & Breads"
9753817514281,"Anand Frozen Malabar Parotta Family Pack - 2LB",anand-frozen-malabar-parotta-family-pack-2lb,"Naan & Breads","Naan & Breads"
9753778913577,"Anand Frozen Sliced Coconut - 1lb",anand-frozen-sliced-coconut-1lb,Frozen,Frozen
9753818071337,"Anand Frozen Whole Wheat Porota - 16oz",anand-frozen-whole-wheat-porota-16oz,"Naan & Breads","Naan & Breads"
9753809355049,"Anand Malabar Parotta (Whole wheat) - 2LB",anand-malabar-parotta-whole-wheat-2lb,"Naan & Breads","Naan & Breads"
9753789825321,"Anand Malabar Parotta - 1lb",anand-malabar-parotta-1lb,Frozen,Frozen
9753738314025,"Badshah Kamal Tea Masala - 100gm",badshah-kamal-tea-masala-100gm,Tea,Tea
9753765151017,"Bansi Green Peas - 2lb",bansi-green-peas-2lb,Vegetables,Vegetables
9753817874729,"Bedekar Frozen Fulka Roti - 450gm",bedekar-frozen-fulka-roti-450gm,"Naan & Breads","Naan & Breads"
9753811124521,"Bhagwati Bajri Rotla - 11.66oz",bhagwati-bajri-rotla-11-66oz,"Naan & Breads","Naan & Breads"
9753818530089,"Bhagwati Fro Methi Dhebra - 10oz",bhagwati-fro-methi-dhebra-10oz,"Naan & Breads","Naan & Breads"
9753819414825,"Bhagwati Palak Thepla - 8pc",bhagwati-palak-thepla-8pc,"Naan & Breads","Naan & Breads"
9753807946025,"Bhagwati's Frozen Plain Thepla 256gm",bhagwatis-frozen-plain-thepla-256gm,"Naan & Breads","Naan & Breads"
9753733923113,"Brook Bond 3 Roses Tea - 250gm",brook-bond-3-roses-tea-250gm,Tea,Tea
9753730679081,"Brook Bond Red Label Black Tea 250gm",brook-bond-red-label-black-tea-250gm,Tea,Tea
9753729040681,"Brook Bond Red Label Black Tea Bags Round 216Bag",brook-bond-red-label-black-tea-bags-round-216bag,Tea,Tea
9753741099305,"Brook Bond Red Label Natural Care Tea - 250gm",brook-bond-red-label-natural-care-tea-250gm,Tea,Tea
9753740968233,"Brook Bond Red Label Natural Care Tea - 500gm",brook-bond-red-label-natural-care-tea-500gm,Tea,Tea
9753731760425,"Brook Bond Red Label Tea - 450gm",brook-bond-red-label-tea-450gm,Tea,Tea
9753709543721,"Brook Bond Red Label Tea 1.8KG",brook-bond-red-label-tea-1-8kg,Tea,Tea
9753734840617,"Brook Bond Red Label Tea 2KG (4x500gm)",brook-bond-red-label-tea-2kg-4x500gm,Tea,Tea
9753733759273,"Brook Bond Red Label Tea Bags Square 216 Bags",brook-bond-red-label-tea-bags-square-216-bags,Tea,Tea
9753724518697,"Brook Bond Red Rose Tea - 500gm",brook-bond-red-rose-tea-500gm,Tea,Tea
9753709314345,"Brook Bond Taj Mahal 100 Tea Bags",brook-bond-taj-mahal-100-tea-bags,Tea,Tea
9753728876841,"Brook Bond Taj Mahal Tea - 200gm",brook-bond-taj-mahal-tea-200gm,Tea,Tea
9753740509481,"Brook Bond Taj Mahal Tea - 450gm",brook-bond-taj-mahal-tea-450gm,Tea,Tea
9753731989801,"Brook Bond Taj Mahal Tea - 900gm",brook-bond-taj-mahal-tea-900gm,Tea,Tea
9753730875689,"Brook Bond Taj Mahal Tea 100gm",brook-bond-taj-mahal-tea-100gm,Tea,Tea
9753740247337,"Brooke Bond Red Label 100 Tea Bags",brooke-bond-red-label-100-tea-bags,Tea,Tea
9753734644009,"Brooke Bond Red Label Natural Care Tea 1KG",brooke-bond-red-label-natural-care-tea-1kg,Tea,Tea
9753717539113,"Brooke Bond Red Label Tea (Taste of Togetherness) 500gm",brooke-bond-red-label-tea-taste-of-togetherness-500gm,Tea,Tea
9753723404585,"Brooke Bond Red Label Tea - 31.7oz",brooke-bond-red-label-tea-31-7oz,Tea,Tea
9753728123177,"Brooke Bond Taj Mahal Orange Pekoe Black Tea - 15.8oz",brooke-bond-taj-mahal-orange-pekoe-black-tea-15-8oz,Tea,Tea
9753735004457,"Brooke Bond Taj Mahal Tea 1KG",brooke-bond-taj-mahal-tea-1kg,Tea,Tea
9753731039529,"C. Somabhai  Tea Sarangi Somabhai 2LB",c-somabhai-tea-sarangi-somabhai-2lb,Tea,Tea
9753734480169,"C. Somabhai Tea Sarangi Somabhai 1LB",c-somabhai-tea-sarangi-somabhai-1lb,Tea,Tea
9753791725865,"Chitale Khaman Dhokla Mix-200g",chitale-khaman-dhokla-mix-200g,Frozen,Frozen
9753784221993,"Chitale Medu Vada Mix-200g",chitale-medu-vada-mix-200g,Frozen,Frozen
9753743261993,"Dabur Alphanso Mango Drink - 1L",dabur-alphanso-mango-drink-1l,Beverages,Beverages
9753743425833,"Dabur Real Mix Fruit -1L",dabur-real-mix-fruit-1l,Beverages,Beverages
9753743655209,"Dabur Real Pineapple -1L",dabur-real-pineapple-1l,Beverages,Beverages
9753813811497,"Daily Delight Puffs Pastry Sheets 580gm",daily-delight-puffs-pastry-sheets-580gm,"Naan & Breads","Naan & Breads"
9753750929705,"DD Amla - 400gm",dd-amla-400gm,Fruits,Fruits
9753752928553,"DD Cut Mango Skinless - 400gm",dd-cut-mango-skinless-400gm,Fruits,Fruits
9753755320617,"DD DrumSticks - 14oz",dd-drumsticks-14oz,Vegetables,Vegetables
9753758925097,"DD Frozen Chinese Potato Cooked 400gm",dd-frozen-chinese-potato-cooked-400gm,Vegetables,Vegetables
9753754140969,"DD Grated Coconut - 1LB",dd-grated-coconut-1lb,Fruits,Fruits
9753774260521,"DD Green Chilli Kanthari - 400gm",dd-green-chilli-kanthari-400gm,Vegetables,Vegetables
9753748275497,"DD Jackfruit Green - 1LB",dd-jackfruit-green-1lb,Fruits,Fruits
9753747357993,"DD Jackfruit Green - 400gm",dd-jackfruit-green-400gm,Fruits,Fruits
9753773834537,"DD Jackfruit Green Slices - 400gm",dd-jackfruit-green-slices-400gm,Vegetables,Vegetables
9753809715497,"DD Kothu Porotta - 350gm",dd-kothu-porotta-350gm,"Naan & Breads","Naan & Breads"
9753816531241,"DD Malabar Porotta - 2LB",dd-malabar-porotta-2lb,"Naan & Breads","Naan & Breads"
9753818104105,"DD Malabar porotta - 330gm",dd-malabar-porotta-330gm,"Naan & Breads","Naan & Breads"
9753816072489,"DD Porotta - 1LB",dd-porotta-1lb,"Naan & Breads","Naan & Breads"
9753786057001,"DD Red Onion- 400g",dd-red-onion-400g,Frozen,Frozen
9753817547049,"DD Rumali Roti - 330gm",dd-rumali-roti-330gm,"Naan & Breads","Naan & Breads"
9753772556585,"DD Sambar Mix - 1LB",dd-sambar-mix-1lb,Vegetables,Vegetables
9753754337577,"DD Sliced Coconut - 1lb/400gm",dd-sliced-coconut-1lb-400gm,Fruits,Fruits
9753750733097,"DD Sliced Coconut - 400gm",dd-sliced-coconut-400gm,Fruits,Fruits
9753770721577,"DD Tapioca Sliced - 2LB",dd-tapioca-sliced-2lb,Vegetables,Vegetables
9753772359977,"DD Tindora - 400gm",dd-tindora-400gm,Vegetables,Vegetables
9753819316521,"DD Wheat Porotta - 1LB",dd-wheat-porotta-1lb,"Naan & Breads","Naan & Breads"
9753775046953,"DD Yam Suran - 1LB",dd-yam-suran-1lb,Vegetables,Vegetables
9753729728809,"Deccan FirstSip Ginger Tea Decoction 150ml",deccan-firstsip-ginger-tea-decoction-150ml,Tea,Tea
9753730122025,"Deccan FirstSip Masala Tea Decoction 150ml",deccan-firstsip-masala-tea-decoction-150ml,Tea,Tea
9753729892649,"Deccan FirstSip Plain Tea Decoction 150ml",deccan-firstsip-plain-tea-decoction-150ml,Tea,Tea
9753730351401,"Deccan FirstSip Sulaimani Tea 150ml",deccan-firstsip-sulaimani-tea-150ml,Tea,Tea
9753813123369,"Deep Bhagwati Dudhi Thepla - 9oz",deep-bhagwati-dudhi-thepla-9oz,"Naan & Breads","Naan & Breads"
9753808994601,"Deep Bre Family Pack Lachcha Paratha 20 pcs",deep-bre-family-pack-lachcha-paratha-20-pcs,"Naan & Breads","Naan & Breads"
9753753551145,"Deep Coconut Slices - 12oz",deep-coconut-slices-12oz,Fruits,Fruits
9753816269097,"Deep Fro Ajwain Paratha - 12oz",deep-fro-ajwain-paratha-12oz,"Naan & Breads","Naan & Breads"
9753815974185,"Deep Fro Aloo Paratha - 4pc",deep-fro-aloo-paratha-4pc,"Naan & Breads","Naan & Breads"
9753807388969,"Deep Fro Baghara Baingan - 10oz",deep-fro-baghara-baingan-10oz,"Naan & Breads","Naan & Breads"
9753782419753,"Deep Fro Batata Vada - 21.2Oz",deep-fro-batata-vada-21-2oz,Frozen,Frozen
9753815482665,"Deep Fro Cheese Spinach Naan - 8oz(2pc)",deep-fro-cheese-spinach-naan-8oz2pc,"Naan & Breads","Naan & Breads"
9753753780521,"Deep Fro Chikoo Slices - 12oz",deep-fro-chikoo-slices-12oz,Fruits,Fruits
9753786908969,"Deep Fro Chilli Coriander Naan-316gm",deep-fro-chilli-coriander-naan-316gm,Frozen,Frozen
9753819447593,"Deep Fro Coconut Chutney - 9oz",deep-fro-coconut-chutney-9oz,Chutney,Chutney
9753819709737,"Deep Fro Coriander Chutney - 10oz",deep-fro-coriander-chutney-10oz,Chutney,Chutney
9753815777577,"Deep Fro Coriander Kulcha - 7oz",deep-fro-coriander-kulcha-7oz,"Naan & Breads","Naan & Breads"
9753819644201,"Deep Fro Falafal Chutney - 10oz",deep-fro-falafal-chutney-10oz,Chutney,Chutney
9753817809193,"Deep Fro Garl Naan Tan - 12oz",deep-fro-garl-naan-tan-12oz,"Naan & Breads","Naan & Breads"
9753816138025,"Deep Fro Home Style Paratha",deep-fro-home-style-paratha,"Naan & Breads","Naan & Breads"
9753746800937,"Deep Fro Kesar Mango Pulp - 30oz",deep-fro-kesar-mango-pulp-30oz,Fruits,Fruits
9753782255913,"Deep Fro Madras Tomato Chutney - 10oz",deep-fro-madras-tomato-chutney-10oz,Frozen,Frozen
9753819873577,"Deep Fro Madras Tomato Chutney - 9oz",deep-fro-madras-tomato-chutney-9oz,Chutney,Chutney
9753746964777,"Deep Fro Mango Pulp - 14oz",deep-fro-mango-pulp-14oz,Fruits,Fruits
9753746637097,"Deep Fro Mango Pulp - 30oz",deep-fro-mango-pulp-30oz,Fruits,Fruits
9753816596777,"Deep Fro Masala Paratha - 15oz",deep-fro-masala-paratha-15oz,"Naan & Breads","Naan & Breads"
9753816432937,"Deep Fro Methi Paratha - 5pc",deep-fro-methi-paratha-5pc,"Naan & Breads","Naan & Breads"
9753819742505,"Deep Fro Mint Chutney - 10oz",deep-fro-mint-chutney-10oz,Chutney,Chutney
9753819283753,"Deep Fro Mix Veg Paratha - 14oz",deep-fro-mix-veg-paratha-14oz,"Naan & Breads","Naan & Breads"
9753814860073,"Deep Fro Paneer Kulcha - 8.5oz",deep-fro-paneer-kulcha-8-5oz,"Naan & Breads","Naan & Breads"
9753819808041,"Deep Fro PaniPuri Pani Con - 10oz",deep-fro-panipuri-pani-con-10oz,Chutney,Chutney
9753781698857,"Deep Fro Spinach Paneer Samosa - 8ct",deep-fro-spinach-paneer-samosa-8ct,Frozen,Frozen
9753819513129,"Deep Frozen Pani Puri Concentrate 200gm",deep-frozen-pani-puri-concentrate-200gm,Chutney,Chutney
9753776783657,"Deep Frozen Premium Methi",deep-frozen-premium-methi,Vegetables,Vegetables
9753819676969,"Deep Frozen Spicy Pesto - 10oz",deep-frozen-spicy-pesto-10oz,Chutney,Chutney
9753770983721,"Deep Frozen Sprouted Moong 1LB",deep-frozen-sprouted-moong-1lb,Vegetables,Vegetables
9753808830761,"Deep Garlic & Coriander Mini Toast - 7 oz",deep-garlic-coriander-mini-toast-7-oz,"Naan & Breads","Naan & Breads"
9753807618345,"Deep Indian Kitchen Naan Pizza, Cilantro Pesto, Mild Spice 7.4 oz (211 g)",deep-indian-kitchen-naan-pizza-cilantro-pesto-mild-spice-7-4-oz-211-g,"Naan & Breads","Naan & Breads"
9753816760617,"Deep Indian Kitchen Naan Pizza, Spinach Paneer, Medium Spice 8.5 oz (240 g)",deep-indian-kitchen-naan-pizza-spinach-paneer-medium-spice-8-5-oz-240-g,"Naan & Breads","Naan & Breads"
9753744474409,"Deep IQF Amla Slices - 10oz",deep-iqf-amla-slices-10oz,Fruits,Fruits
9753762529577,"Deep IQF Arvi - 12oz",deep-iqf-arvi-12oz,Vegetables,Vegetables
9753758400809,"Deep IQF Aviyal Mix - 14oz",deep-iqf-aviyal-mix-14oz,Vegetables,Vegetables
9753762726185,"Deep IQF Baby Bhindi - 12oz",deep-iqf-baby-bhindi-12oz,Vegetables,Vegetables
9753769410857,"Deep IQF Bhindi Cut - 12oz",deep-iqf-bhindi-cut-12oz,Vegetables,Vegetables
9753767739689,"Deep IQF Bhindi Cut - 24oz",deep-iqf-bhindi-cut-24oz,Vegetables,Vegetables
9753775800617,"Deep IQF Chauri - 12oz",deep-iqf-chauri-12oz,Vegetables,Vegetables
9753775997225,"Deep IQF Drumsticks - 12oz",deep-iqf-drumsticks-12oz,Vegetables,Vegetables
9753763643689,"Deep IQF Dum Aloo - 12oz",deep-iqf-dum-aloo-12oz,Vegetables,Vegetables
9753746440489,"Deep IQF Falsa - 12oz",deep-iqf-falsa-12oz,Fruits,Fruits
9753763873065,"Deep IQF Fansi - 12oz",deep-iqf-fansi-12oz,Vegetables,Vegetables
9753764102441,"Deep IQF Green Chillis - 12oz",deep-iqf-green-chillis-12oz,Vegetables,Vegetables
9753754501417,"Deep IQF Green Mango Slices - 12 oz",deep-iqf-green-mango-slices-12-oz,Fruits,Fruits
9753762890025,"Deep IQF Green Peas - 2LB",deep-iqf-green-peas-2lb,Vegetables,Vegetables
9753777504553,"Deep IQF Green Peas - 3.85LB",deep-iqf-green-peas-3-85lb,Vegetables,Vegetables
9753764299049,"Deep IQF Guvar - 12oz",deep-iqf-guvar-12oz,Vegetables,Vegetables
9753764462889,"Deep IQF Kantola - 12oz",deep-iqf-kantola-12oz,Vegetables,Vegetables
9753764659497,"Deep IQF Karela (Ring Cut) - 12oz",deep-iqf-karela-ring-cut-12oz,Vegetables,Vegetables
9753764790569,"Deep IQF Lotus Root - 12oz",deep-iqf-lotus-root-12oz,Vegetables,Vegetables
9753748603177,"Deep IQF Mango Slice - 12oz",deep-iqf-mango-slice-12oz,Fruits,Fruits
9753771344169,"Deep IQF Methi Blocks - 12oz",deep-iqf-methi-blocks-12oz,Vegetables,Vegetables
9753763447081,"Deep IQF Mix Vegetables - 2lb",deep-iqf-mix-vegetables-2lb,Vegetables,Vegetables
9753764987177,"Deep IQF Mixed Veg - 3.85LB",deep-iqf-mixed-veg-3-85lb,Vegetables,Vegetables
9753781895465,"Deep IQF Mixed Veg - 3.85lb",deep-iqf-mixed-veg-3-85lb-1,Frozen,Frozen
9753777013033,"Deep IQF Palak - 12oz",deep-iqf-palak-12oz,Vegetables,Vegetables
9753763053865,"Deep IQF Parval - 12oz",deep-iqf-parval-12oz,Vegetables,Vegetables
9753777275177,"Deep IQF Peas & Carrots - 2LB",deep-iqf-peas-carrots-2lb,Vegetables,Vegetables
9753748472105,"Deep IQF Premium Jamun - 12oz",deep-iqf-premium-jamun-12oz,Fruits,Fruits
9753777963305,"Deep IQF Punjabi Tinda -12oz",deep-iqf-punjabi-tinda-12oz,Vegetables,Vegetables
9753765380393,"Deep IQF Ratalu - 12oz",deep-iqf-ratalu-12oz,Vegetables,Vegetables
9753745883433,"Deep IQF Red Guava Slices - 12oz",deep-iqf-red-guava-slices-12oz,Fruits,Fruits
9753777766697,"Deep IQF Red Onion - 12oz",deep-iqf-red-onion-12oz,Vegetables,Vegetables
9753765740841,"Deep IQF Sambhar Mix - 12oz",deep-iqf-sambhar-mix-12oz,Vegetables,Vegetables
9753747915049,"Deep IQF Shreded Coconut - 12oz",deep-iqf-shreded-coconut-12oz,Fruits,Fruits
9753748046121,"Deep IQF Shreded Coconut - 24oz",deep-iqf-shreded-coconut-24oz,Fruits,Fruits
9753765544233,"Deep IQF Singoda - 12OZ",deep-iqf-singoda-12oz,Vegetables,Vegetables
9753765904681,"Deep IQF Snake Gourd - 12oz",deep-iqf-snake-gourd-12oz,Vegetables,Vegetables
9753771180329,"Deep IQF Sprout Moth - 16oz",deep-iqf-sprout-moth-16oz,Vegetables,Vegetables
9753766101289,"Deep IQF Suran - 12oz",deep-iqf-suran-12oz,Vegetables,Vegetables
9753766494505,"Deep IQF Surti Papdi Lilv - 12oz",deep-iqf-surti-papdi-lilv-12oz,Vegetables,Vegetables
9753766330665,"Deep IQF Surti Papdi Whole - 12oz",deep-iqf-surti-papdi-whole-12oz,Vegetables,Vegetables
9753781535017,"Deep IQF Surti Undhiu Mix - 12oz",deep-iqf-surti-undhiu-mix-12oz,Frozen,Frozen
9753769050409,"Deep IQF Sweet Corn - 2LB",deep-iqf-sweet-corn-2lb,Vegetables,Vegetables
9753766658345,"Deep IQF Tindora - 12oz",deep-iqf-tindora-12oz,Vegetables,Vegetables
9753778389289,"Deep IQF Tindora - 24oz",deep-iqf-tindora-24oz,Vegetables,Vegetables
9753766887721,"Deep IQF Tuvar Lilva - 12oz",deep-iqf-tuvar-lilva-12oz,Vegetables,Vegetables
9753758564649,"Deep IQF Tuvar Lilva - 24oz",deep-iqf-tuvar-lilva-24oz,Vegetables,Vegetables
9753767280937,"Deep IQF Val Papdi - 12oz",deep-iqf-val-papdi-12oz,Vegetables,Vegetables
9753809191209,"Deep Lachcha Paratha - 12oz",deep-lachcha-paratha-12oz,"Naan & Breads","Naan & Breads"
9753750143273,"Deep Mango Green - 12oz",deep-mango-green-12oz,Fruits,Fruits
9753817284905,"Deep Mooli Paratha - 4pc",deep-mooli-paratha-4pc,"Naan & Breads","Naan & Breads"
9753767543081,"Deep Org Turmeric - 12oz",deep-org-turmeric-12oz,Vegetables,Vegetables
9753819545897,"Deep Red Chilli Chutney - 7.7oz",deep-red-chilli-chutney-7-7oz,Chutney,Chutney
9753784647977,"Deep Sou F.P Idli-24pice",deep-sou-f-p-idli-24pice,Frozen,Frozen
9753717899561,"Deep Tea of Assam (Mamri) - 28oz",deep-tea-of-assam-mamri-28oz,Tea,Tea
9753717735721,"Deep Tea of Assam (Mamri) 14oz",deep-tea-of-assam-mamri-14oz,Tea,Tea
9753758761257,"Deep Water Chestnut Singoda",deep-water-chestnut-singoda,Vegetables,Vegetables
9753787629865,"Desi Fresh Foods Premium Masala Chaas Yogurt Drink 50 fluid oz",desi-fresh-foods-premium-masala-chaas-yogurt-drink-50-fluid-oz,Frozen,Frozen
9753810305321,"Desi Methi Fulka 12Count",desi-methi-fulka-12count,"Naan & Breads","Naan & Breads"
9753751355689,"Frozen Aaha Banganapall pulp - 312gm",frozen-aaha-banganapall-pulp-312gm,Fruits,Fruits
9753751159081,"Frozen Aaha Banganapall Slices - 312gm",frozen-aaha-banganapall-slices-312gm,Fruits,Fruits
9753751486761,"Frozen Aaha Cheruku rasalu pulp - 312gm",frozen-aaha-cheruku-rasalu-pulp-312gm,Fruits,Fruits
9753751716137,"Frozen Aaha Chinna rasalu pulp - 312gm",frozen-aaha-chinna-rasalu-pulp-312gm,Fruits,Fruits
9753735201065,"Girnar Chai Tea Bags(Ginger)-25TBG",girnar-chai-tea-bagsginger-25tbg,Tea,Tea
9753735364905,"Girnar Detox Green Tea (Desi Kahwa) 36Tea Bags",girnar-detox-green-tea-desi-kahwa-36tea-bags,Tea,Tea
9753719374121,"Girnar Detox Green Tea Desi Kahwa 10 Bags",girnar-detox-green-tea-desi-kahwa-10-bags,Tea,Tea
9753719931177,"Girnar Elaichi Chai Tea 25 Tea Bags",girnar-elaichi-chai-tea-25-tea-bags,Tea,Tea
9753719537961,"Girnar Green Tea Lemon & Honey 36 Tea Bags",girnar-green-tea-lemon-honey-36-tea-bags,Tea,Tea
9753733595433,"Girnar Instant Premix Cardamom Chai - 1KG",girnar-instant-premix-cardamom-chai-1kg,Tea,Tea
9753714164009,"Girnar Instant Premix Ginger Chai - 7.7oz",girnar-instant-premix-ginger-chai-7-7oz,Tea,Tea
9753714491689,"Girnar Instant Premix Masala Chai - 7.7oz",girnar-instant-premix-masala-chai-7-7oz,Tea,Tea
9753732284713,"Girnar Kesari No. 3 Premium Tea - 2LB",girnar-kesari-no-3-premium-tea-2lb,Tea,Tea
9753732153641,"Girnar Royal Cup Masala Loose Tea - 250gm",girnar-royal-cup-masala-loose-tea-250gm,Tea,Tea
9753735758121,"Girnar Royal Cup Premium Tea 1 LB",girnar-royal-cup-premium-tea-1-lb,Tea,Tea
9753719734569,"Girnar Royal Cup Premium Tea 2LB",girnar-royal-cup-premium-tea-2lb,Tea,Tea
9753790185769,"Gits Gulab Jamun Mix - 200gm",gits-gulab-jamun-mix-200gm,Frozen,Frozen
9749195718953,"Gopi Paneer - 14oz",gopi_paneer,Paneer,Paneer
9753712394537,"Green Heart Lemon Grass Tea - 100gms",green-heart-lemon-grass-tea-100gms,Tea,Tea
9753729401129,"Harris Assam Blend Tea Bags 681gm 216 Count",harris-assam-blend-tea-bags-681gm-216-count,Tea,Tea
9753744310569,"Horlicks Jr. Vanilla - 17.5oz",horlicks-jr-vanilla-17-5oz,Beverages,Beverages
9753815843113,"HR Achari Paratha - 400gm",hr-achari-paratha-400gm,"Naan & Breads","Naan & Breads"
9753815941417,"HR Ajwain Paratha - 360gm",hr-ajwain-paratha-360gm,"Naan & Breads","Naan & Breads"
9753814008105,"HR All In One - 1KG",hr-all-in-one-1kg,"Naan & Breads","Naan & Breads"
9753817022761,"HR Aloo Gobi Paratha - 400gm",hr-aloo-gobi-paratha-400gm,"Naan & Breads","Naan & Breads"
9753818595625,"HR Aloo Paratha - 400gm",hr-aloo-paratha-400gm,"Naan & Breads","Naan & Breads"
9753817186601,"HR Aloo Pyaz Paratha - 400gm",hr-aloo-pyaz-paratha-400gm,"Naan & Breads","Naan & Breads"
9753817415977,"HR Amritsari Kulcha - 320gm",hr-amritsari-kulcha-320gm,"Naan & Breads","Naan & Breads"
9753789432105,"HR Chana Dal - 400gm",hr-chana-dal-400gm,Frozen,Frozen
9753782812969,"HR Fro Gulab Jamun Tin - 2lb",hr-fro-gulab-jamun-tin-2lb,Frozen,Frozen
9753783337257,"HR Frozen Rasmalai - 1kg ( 20pcs )",hr-frozen-rasmalai-1kg-20pcs,Frozen,Frozen
9753817317673,"HR Gobi Paratha - 400gm",hr-gobi-paratha-400gm,"Naan & Breads","Naan & Breads"
9753818693929,"HR Healthy Gobi Paratha",hr-healthy-gobi-paratha,"Naan & Breads","Naan & Breads"
9753819054377,"HR Healthy Mix Veg Paratha -  400gm",hr-healthy-mix-veg-paratha-400gm,"Naan & Breads","Naan & Breads"
9753816727849,"HR Healthy Spinach Paratha - 400gm",hr-healthy-spinach-paratha-400gm,"Naan & Breads","Naan & Breads"
9753818759465,"HR Homestyle Paratha - 1.2KG",hr-homestyle-paratha-1-2kg,"Naan & Breads","Naan & Breads"
9753816334633,"HR Homestyle Paratha - 360gm",hr-homestyle-paratha-360gm,"Naan & Breads","Naan & Breads"
9753787105577,"HR kalam Petha - 1kg",hr-kalam-petha-1kg,Frozen,Frozen
9753817121065,"HR Lacha Paratha - 1.2KG",hr-lacha-paratha-1-2kg,"Naan & Breads","Naan & Breads"
9753783796009,"HR Lacha Paratha - 360gm",hr-lacha-paratha-360gm,Frozen,Frozen
9753818923305,"HR Lacha Paratha - 360gm",hr-lacha-paratha-360gm-1,"Naan & Breads","Naan & Breads"
9753808306473,"HR Masala Lacha paratha - 360gm",hr-masala-lacha-paratha-360gm,"Naan & Breads","Naan & Breads"
9753818988841,"HR Methi Paratha - 360gm",hr-methi-paratha-360gm,"Naan & Breads","Naan & Breads"
9753817153833,"HR Mix Veg Paratha - 1.6KG",hr-mix-veg-paratha-1-6kg,"Naan & Breads","Naan & Breads"
9753819087145,"HR Muli Paratha - 400gm",hr-muli-paratha-400gm,"Naan & Breads","Naan & Breads"
9753817088297,"HR Multigrain Chapati - 360gm",hr-multigrain-chapati-360gm,"Naan & Breads","Naan & Breads"
9753816629545,"HR Onion Paratha - 14.1oz",hr-onion-paratha-14-1oz,"Naan & Breads","Naan & Breads"
9753817383209,"HR Paneer Aloo Kulcha - 320gm",hr-paneer-aloo-kulcha-320gm,"Naan & Breads","Naan & Breads"
9753791004969,"HR Paneer Cubes - 450gm",hr-paneer-cubes-450gm,Frozen,Frozen
9753807782185,"HR Paneer Onion Paratha - 1.6KG",hr-paneer-onion-paratha-1-6kg,"Naan & Breads","Naan & Breads"
9753819185449,"HR Paneer Onion Paratha - 400gm",hr-paneer-onion-paratha-400gm,"Naan & Breads","Naan & Breads"
9753819218217,"HR Paneer Paratha - 14.1 oz",hr-paneer-paratha-14-1-oz,"Naan & Breads","Naan & Breads"
9753816662313,"HR Pudina Paratha - 360gm",hr-pudina-paratha-360gm,"Naan & Breads","Naan & Breads"
9753783566633,"HR Purani Delhi Spl Samosa - 650gm",hr-purani-delhi-spl-samosa-650gm,Frozen,Frozen
9753791529257,"HR Rasmalai - 1kg",hr-rasmalai-1kg,Frozen,Frozen
9753815417129,"HR Tandoori Naan -  400gm",hr-tandoori-naan-400gm,"Naan & Breads","Naan & Breads"
9753733169449,"HR Tea Time Khari Plain 400gm",hr-tea-time-khari-plain-400gm,Tea,Tea
9753808142633,"HR Whole Wheat Naan - 320gm",hr-whole-wheat-naan-320gm,"Naan & Breads","Naan & Breads"
9748812792105,"Indian Bitter Melon (Karela) 1LB",indian-bitter-melon-karela-1lb,vegetables,vegetables
9748812890409,"Indian Eggplant 1LB",indian-eggplant-1lb,vegetables,vegetables
9753810501929,"Indian Life Masala Roti - 250gm",indian-life-masala-roti-250gm,"Naan & Breads","Naan & Breads"
9753808503081,"Indianlife Coriender Naan - 500gm",indianlife-coriender-naan-500gm,"Naan & Breads","Naan & Breads"
9753810665769,"Indianlife Spinach Naan - 500gm",indianlife-spinach-naan-500gm,"Naan & Breads","Naan & Breads"
9753808666921,"Indianlife Tandoori Naan - 500gm",indianlife-tandoori-naan-500gm,"Naan & Breads","Naan & Breads"
9753738117417,"Jivraj 9 C.T.C Leaf Tea 1LB",jivraj-9-c-t-c-leaf-tea-1lb,Tea,Tea
9753815679273,"Kawan Chapathi - 14oz",kawan-chapathi-14oz,"Naan & Breads","Naan & Breads"
9753818628393,"Kawan Flakey Parata - 14oz",kawan-flakey-parata-14oz,"Naan & Breads","Naan & Breads"
9753819119913,"Kawan Frozen Onion Paratha 25 Count",kawan-frozen-onion-paratha-25-count,"Naan & Breads","Naan & Breads"
9753818825001,"Kawan Plain Parata - 14oz",kawan-plain-parata-14oz,"Naan & Breads","Naan & Breads"
9753743884585,"Kings Drinking Falooda Mix Rose - 100gm",kings-drinking-falooda-mix-rose-100gm,Beverages,Beverages
9753790349609,"Kurkure Chaat Fills Bhel Chutney - 40gm",kurkure-chaat-fills-bhel-chutney-40gm,Frozen,Frozen
9753725403433,"Lamsa Flavored Tea 450gm",lamsa-flavored-tea-450gm,Tea,Tea
9753752699177,"Laxmi Fro Coconut Slices - 400gm",laxmi-fro-coconut-slices-400gm,Fruits,Fruits
9753776193833,"Laxmi Fro Drum Stick - 300gm",laxmi-fro-drum-stick-300gm,Vegetables,Vegetables
9753752502569,"Laxmi Fro Grated Coconut - 400gm",laxmi-fro-grated-coconut-400gm,Fruits,Fruits
9753776390441,"Laxmi Fro Guvar - 300gm",laxmi-fro-guvar-300gm,Vegetables,Vegetables
9753776554281,"Laxmi Fro Karela - 300gm",laxmi-fro-karela-300gm,Vegetables,Vegetables
9753773408553,"Laxmi Fro Methi Leaves - 11.05oz",laxmi-fro-methi-leaves-11-05oz,Vegetables,Vegetables
9753769607465,"Laxmi Fro Okra Cut - 300gm",laxmi-fro-okra-cut-300gm,Vegetables,Vegetables
9753752109353,"Laxmi Fro Shredd Coconut - 1.2kg",laxmi-fro-shredd-coconut-1-2kg,Fruits,Fruits
9753752305961,"Laxmi Fro Shredd Coconut - 1.2KG",laxmi-fro-shredd-coconut-1-2kg-1,Fruits,Fruits
9753778192681,"Laxmi Fro Suran Cut - 300gm",laxmi-fro-suran-cut-300gm,Vegetables,Vegetables
9753772753193,"Laxmi Fro Surti Papdi Lil - 2LB",laxmi-fro-surti-papdi-lil-2lb,Vegetables,Vegetables
9753759318313,"Laxmi Fro Surti Papdi Lil - 310gm",laxmi-fro-surti-papdi-lil-310gm,Vegetables,Vegetables
9753767149865,"Laxmi Fro Toovar Lilva - 300gm",laxmi-fro-toovar-lilva-300gm,Vegetables,Vegetables
9753749979433,"Laxmi Frozen Shredded Coconut 800gm",laxmi-frozen-shredded-coconut-800gm,Fruits,Fruits
9753787302185,"Laxmi Idli Chutney - 8oz",laxmi-idli-chutney-8oz,Frozen,Frozen
9753728745769,"Lipton Yellow Label Tea - 200gm",lipton-yellow-label-tea-200gm,Tea,Tea
9753725206825,"Lipton Yellow Label Tea - 450gm",lipton-yellow-label-tea-450gm,Tea,Tea
9753716654377,"Lipton Yellow Label Tea - 900gm",lipton-yellow-label-tea-900gm,Tea,Tea
9753730515241,"MDH T-PLUS Tea Masala 1.22 oz",mdh-t-plus-tea-masala-1-22-oz,Tea,Tea
9753789006121,"MR Mint Chutney 250g",mr-mint-chutney-250g,Frozen,Frozen
9753788186921,"Nanak Dahi - 5lb",nanak-dahi-5lb,Frozen,Frozen
9753788514601,"Nanak Mango Rasmalai - 850gm",nanak-mango-rasmalai-850gm,Frozen,Frozen
9753788383529,"Nanak Veggie Cutlets - 640g/8ct",nanak-veggie-cutlets-640g-8ct,Frozen,Frozen
9753819971881,"Nirav Mint Chutney 220ml",nirav-mint-chutney-220ml,Chutney,Chutney
9753792643369,"Phulka Fresh - 18ct",phulka-fresh-18ct,Frozen,Frozen
9753731399977,"Quick Tea Masala Chai - 1.7oz",quick-tea-masala-chai-1-7oz,Tea,Tea
9753709117737,"Quick Tea Masala Chai 25 Pouches",quick-tea-masala-chai-25-pouches,Tea,Tea
9753734119721,"Quick Tea Vegan Masala Chai  8.5 oz",quick-tea-vegan-masala-chai-8-5-oz,Tea,Tea
9753742410025,"Quik Tea All Natural Lemongrass Instant Chai - 8.5oz",quik-tea-all-natural-lemongrass-instant-chai-8-5oz,Tea,Tea
9753742639401,"Quik Tea All Natural Masala Instant Chai 20 Pouches",quik-tea-all-natural-masala-instant-chai-20-pouches,Tea,Tea
9753742836009,"Quik Tea All Natural Masala Saffron Instant Chai",quik-tea-all-natural-masala-saffron-instant-chai,Tea,Tea
9753743032617,"Quik Tea All Natural Plain Instant Chai 20 Pouches",quik-tea-all-natural-plain-instant-chai-20-pouches,Tea,Tea
9753741820201,"Quik Tea All Natural Unsweetened Cardamom Instant Chai",quik-tea-all-natural-unsweetened-cardamom-instant-chai,Tea,Tea
9753725796649,"Quik Tea Cardamom Chai -8.5oz/10 Pouches",quik-tea-cardamom-chai-8-5oz-10-pouches,Tea,Tea
9753734283561,"Quik Tea Cardamom Chai 17oz",quik-tea-cardamom-chai-17oz,Tea,Tea
9753713180969,"Quik Tea Cardamom Chai Tea Bag 5.08oz",quik-tea-cardamom-chai-tea-bag-5-08oz,Tea,Tea
9753741623593,"Quik Tea Cardamom Tea Bags",quik-tea-cardamom-tea-bags,Tea,Tea
9753733398825,"Quik Tea English Breakfast Tea 72 Tea Bags",quik-tea-english-breakfast-tea-72-tea-bags,Tea,Tea
9753716195625,"Quik Tea Ginger Chai 17 oz",quik-tea-ginger-chai-17-oz,Tea,Tea
9753716359465,"Quik Tea Ginger Chai 8.5 oz",quik-tea-ginger-chai-8-5-oz,Tea,Tea
9753716850985,"Quik Tea Ginger Chai 8.5 oz",quik-tea-ginger-chai-8-5-oz-1,Tea,Tea
9753725993257,"Quik Tea Ginger Tea Bags",quik-tea-ginger-tea-bags,Tea,Tea
9753742246185,"Quik Tea Green Tea Lemon 60 Tea Bags",quik-tea-green-tea-lemon-60-tea-bags,Tea,Tea
9753732841769,"Quik Tea Lemon Grass Chai 8.5 oz",quik-tea-lemon-grass-chai-8-5-oz,Tea,Tea
9753732972841,"Quik Tea Lemongrass Ginger Instant Chai Tea Latte - 240gm",quik-tea-lemongrass-ginger-instant-chai-tea-latte-240gm,Tea,Tea
9753712001321,"Quik Tea Masala Chai 17oz",quik-tea-masala-chai-17oz,Tea,Tea
9753715999017,"Quik Tea Masala Chai 8.5 oz",quik-tea-masala-chai-8-5-oz,Tea,Tea
9753726157097,"Quik Tea Masala Tea Bags",quik-tea-masala-tea-bags,Tea,Tea
9753712230697,"Quik Tea Masala Tea Bags 5.08oz",quik-tea-masala-tea-bags-5-08oz,Tea,Tea
9753717080361,"Quik Tea Organic Darjeeling",quik-tea-organic-darjeeling,Tea,Tea
9753726550313,"Quik Tea Organic Green Healthy Tea 100gm",quik-tea-organic-green-healthy-tea-100gm,Tea,Tea
9753712591145,"Quik Tea Organic Green Leaf",quik-tea-organic-green-leaf,Tea,Tea
9753713672489,"Quik Tea Plain Chai 17oz",quik-tea-plain-chai-17oz,Tea,Tea
9753718456617,"Quik Tea Unsweet Lemon Grass 5.6 oz",quik-tea-unsweet-lemon-grass-5-6-oz,Tea,Tea
9753719144745,"Quik Tea Unsweet Masala Chai 5.08oz",quik-tea-unsweet-masala-chai-5-08oz,Tea,Tea
9753716490537,"Quik Tea Vegan Unsweetened Masala Chai 10 Pouches 160G",quik-tea-vegan-unsweetened-masala-chai-10-pouches-160g,Tea,Tea
9753744113961,"Real Coconut Water - 330ml",real-coconut-water-330ml,Beverages,Beverages
9753749782825,"Shana Chikko - 300gm",shana-chikko-300gm,Fruits,Fruits
9753749487913,"Shana Coconut Shredded - 454gm",shana-coconut-shredded-454gm,Fruits,Fruits
9753774031145,"Shana Frozen Saragawa Drumpstick - 300gm",shana-frozen-saragawa-drumpstick-300gm,Vegetables,Vegetables
9753750307113,"Shana Grated Coconut - 1KG",shana-grated-coconut-1kg,Fruits,Fruits
9753749651753,"Shana Grated Coconut - 454gm",shana-grated-coconut-454gm,Fruits,Fruits
9753771999529,"Shana Green Peas - 300gm",shana-green-peas-300gm,Vegetables,Vegetables
9753772196137,"Shana Methi - 300gm",shana-methi-300gm,Vegetables,Vegetables
9753773637929,"Shana Okra Sliced Rings - 300gm",shana-okra-sliced-rings-300gm,Vegetables,Vegetables
9753771671849,"Shana Okra Sliced Rings - 900gm",shana-okra-sliced-rings-900gm,Vegetables,Vegetables
9753771508009,"Shana Okra Whole Baby - 300gm",shana-okra-whole-baby-300gm,Vegetables,Vegetables
9753771835689,"Shana Parwal - 300gm",shana-parwal-300gm,Vegetables,Vegetables
9753773146409,"Shana Turia Cut - 300gm",shana-turia-cut-300gm,Vegetables,Vegetables
9753819906345,"Shrinath Bombay Sandwich Chutney - 283gm",shrinath-bombay-sandwich-chutney-283gm,Chutney,Chutney
9753819578665,"Shrinath Mint Chutney - 283gm",shrinath-mint-chutney-283gm,Chutney,Chutney
9753736741161,"Society Tea 1KG",society-tea-1kg,Tea,Tea
9753721241897,"Society Tea 900gm",society-tea-900gm,Tea,Tea
9753736905001,"Society Tea- Pouch - 500gm",society-tea-pouch-500gm,Tea,Tea
9753724682537,"Society Tea-225g",society-tea-225g,Tea,Tea
9753751912745,"Sumeru Grated Coconut - 300gm",sumeru-grated-coconut-300gm,Fruits,Fruits
9753712984361,"Surati Assam Tea 450 gm (1LB)",surati-assam-tea-450-gm-1lb,Tea,Tea
9753712787753,"Surati Cardamom Chai - 240gm",surati-cardamom-chai-240gm,Tea,Tea
9753709707561,"Surati Ginger Chai Sweetened 240gm",surati-ginger-chai-sweetened-240gm,Tea,Tea
9753709936937,"Surati Masala Chai - 240gm",surati-masala-chai-240gm,Tea,Tea
9753710133545,"Surati Premium Special Tea 2LB",surati-premium-special-tea-2lb,Tea,Tea
9753753125161,"Swagat Coconut Shredded Unsweetened(India) - 200gm",swagat-coconut-shredded-unsweetenedindia-200gm,Fruits,Fruits
9753792282921,"Swetha Telugu Foods Fro Thati Munjalu (Ice Apple) - 300gm",swetha-telugu-foods-fro-thati-munjalu-ice-apple-300gm,Frozen,Frozen
9753749324073,"Swetha Thati Munjalu - 300 gm",swetha-thati-munjalu-300-gm,Fruits,Fruits
9753714655529,"T-Sips Tea Bags 300gmX120 Bags",t-sips-tea-bags-300gmx120-bags,Tea,Tea
9753736053033,"Tata Agni Tea - 1KG",tata-agni-tea-1kg,Tea,Tea
9753736282409,"Tata Agni Tea - 500gm",tata-agni-tea-500gm,Tea,Tea
9753727402281,"Tata India Mamri CTC Leaf Tea 900gm",tata-india-mamri-ctc-leaf-tea-900gm,Tea,Tea
9753685229865,"Tata Kanan Devan Tea Bags 100Count",tata-kanan-devan-tea-bags-100count,Tea,Tea
9753708364073,"Tata Kanan Devan Tea Bags 100Count",tata-kanan-devan-tea-bags-100count-1,Tea,Tea
9753727238441,"Tata Premium Black Tea - 2LB",tata-premium-black-tea-2lb,Tea,Tea
9753720488233,"Tata Tea Chakra Gold Premium Tea 250gm",tata-tea-chakra-gold-premium-tea-250gm,Tea,Tea
9753741295913,"Tata Tea Gold - 1KG",tata-tea-gold-1kg,Tea,Tea
9753735889193,"Tata Tea Gold - 250gm",tata-tea-gold-250gm,Tea,Tea
9753727926569,"Tata Tea Gold 500gm",tata-tea-gold-500gm,Tea,Tea
9753725600041,"Tata Tea Premium - 500gm",tata-tea-premium-500gm,Tea,Tea
9753727762729,"Tata Tea Premium 450gm",tata-tea-premium-450gm,Tea,Tea
9753720160553,"Tata Tea Premium-1Kg",tata-tea-premium-1kg,Tea,Tea
9753720324393,"Tata tea quick chai elaichi 22g(12)",tata-tea-quick-chai-elaichi-22g12,Tea,Tea
9753715802409,"Tea Ind Orange Pekoe Tea 223gm",tea-ind-orange-pekoe-tea-223gm,Tea,Tea
9753715638569,"Tea India Cardamom Chai 80 Tea Bags",tea-india-cardamom-chai-80-tea-bags,Tea,Tea
9753723568425,"Tea India Cardamom Chai Tea Bags 72",tea-india-cardamom-chai-tea-bags-72,Tea,Tea
9753726386473,"Tea India Chai Moments Cardamon Tea Bags",tea-india-chai-moments-cardamon-tea-bags,Tea,Tea
9753713803561,"Tea India Chai Moments Ginger 10 Count",tea-india-chai-moments-ginger-10-count,Tea,Tea
9753715179817,"Tea India Chai Moments Masala 10 Count",tea-india-chai-moments-masala-10-count,Tea,Tea
9753710526761,"Tea India Chai Moments Milk Tea 10 Tea Bags 234gm",tea-india-chai-moments-milk-tea-10-tea-bags-234gm,Tea,Tea
9753729564969,"Tea India CTC Leaf Tea (Mamri Tea) - 1LB",tea-india-ctc-leaf-tea-mamri-tea-1lb,Tea,Tea
9753710919977,"Tea India Elaichi 136gm",tea-india-elaichi-136gm,Tea,Tea
9753711575337,"Tea India Ginger Chai Tea Bags (80 Count) 163gm",tea-india-ginger-chai-tea-bags-80-count-163gm,Tea,Tea
9753723797801,"Tea India Ginger Chai Tea Bags 72",tea-india-ginger-chai-tea-bags-72,Tea,Tea
9753710723369,"Tea India Ginger Tea-B 136gm/60 Count",tea-india-ginger-tea-b-136gm-60-count,Tea,Tea
9753729204521,"Tea India Iced Tea 1LB",tea-india-iced-tea-1lb,Tea,Tea
9753741459753,"Tea India Mamri CTC Assam Tea 1 LB",tea-india-mamri-ctc-assam-tea-1-lb,Tea,Tea
9753715409193,"Tea India Masala Tea Bags 80 Count",tea-india-masala-tea-bags-80-count,Tea,Tea
9753711345961,"Tea India Orange Pekoe Black Tea Bags 144 Count",tea-india-orange-pekoe-black-tea-bags-144-count,Tea,Tea
9753718063401,"Tea India Orange Pekoe Tea 680gm",tea-india-orange-pekoe-tea-680gm,Tea,Tea
9753714000169,"Tea India Premium Tea Bag 80Count",tea-india-premium-tea-bag-80count,Tea,Tea
9753711149353,"Tea India Tea Bags Masala 72 Count",tea-india-tea-bags-masala-72-count,Tea,Tea
9753718817065,"Tea India Tea Round Bags  72 Count",tea-india-tea-round-bags-72-count,Tea,Tea
9753761677609,"Telugu Foods Chintha Chiguru - 100gm",telugu-foods-chintha-chiguru-100gm,Vegetables,Vegetables
9753792446761,"Telugu Foods Fro Chintachiguru Leaves - 100gm",telugu-foods-fro-chintachiguru-leaves-100gm,Frozen,Frozen
9753685098793,"Tetley BlackTea Bags(3gm) 80Count",tetley-blacktea-bags3gm-80count,Tea,Tea
9753708200233,"Tetley BlackTea Bags(3gm) 80Count",tetley-blacktea-bags3gm-80count-1,Tea,Tea
9753724191017,"Tetley Green Tea bag - 5oz/72ct",tetley-green-tea-bag-5oz-72ct,Tea,Tea
9753727598889,"Tetley Green Tea Bags 2.8oz/40 Count",tetley-green-tea-bags-2-8oz-40-count,Tea,Tea
9753724354857,"Tetley Green Tea Honey - 72ct",tetley-green-tea-honey-72ct,Tea,Tea
9753718620457,"Tetley Green Tea Honey 72Count",tetley-green-tea-honey-72count,Tea,Tea
9753711804713,"Tetley Green Tea W/Lemon",tetley-green-tea-w-lemon,Tea,Tea
9753740771625,"Tetley Loose Leaf Tea - 450gm",tetley-loose-leaf-tea-450gm,Tea,Tea
9753714327849,"Tetley Tata Gold - 2.2LB",tetley-tata-gold-2-2lb,Tea,Tea
9753718260009,"Tetley Tata Gold 17.5oz",tetley-tata-gold-17-5oz,Tea,Tea
9753731563817,"Tetley Tata Premium - 1KG/2.2LB",tetley-tata-premium-1kg-2-2lb,Tea,Tea
9753685066025,"Tetley Tea Bags 3gm/100 Count",tetley-tea-bags-3gm-100-count,Tea,Tea
9753707938089,"Tetley Tea Bags 3gm/100 Count",tetley-tea-bags-3gm-100-count-1,Tea,Tea
9753724846377,"Tetley Tea, Loose Leaf 31.75 oz (900 g)",tetley-tea-loose-leaf-31-75-oz-900-g,Tea,Tea
9753758007593,"Vadilai Green Cut Mango - 312gm",vadilai-green-cut-mango-312gm,Vegetables,Vegetables
9753817678121,"Vadilal Achari Paratha - 100gm",vadilal-achari-paratha-100gm,"Naan & Breads","Naan & Breads"
9753817907497,"Vadilal Aloo Paratha - 100gm",vadilal-aloo-paratha-100gm,"Naan & Breads","Naan & Breads"
9753745162537,"Vadilal Alphonso Mango Slices - 312gm",vadilal-alphonso-mango-slices-312gm,Fruits,Fruits
9753748963625,"Vadilal Amla slices - 312gm",vadilal-amla-slices-312gm,Fruits,Fruits
9753744834857,"Vadilal Amla Whole - 312gm",vadilal-amla-whole-312gm,Fruits,Fruits
9753756860713,"Vadilal Arwi - 312gm",vadilal-arwi-312gm,Vegetables,Vegetables
9753810108713,"Vadilal Bajri Rotla - 65gm",vadilal-bajri-rotla-65gm,"Naan & Breads","Naan & Breads"
9753811747113,"Vadilal Batura - 60gm",vadilal-batura-60gm,"Naan & Breads","Naan & Breads"
9753758171433,"Vadilal Ber - 312gm",vadilal-ber-312gm,Vegetables,Vegetables
9753760792873,"Vadilal Bhindi Cuts - 312 gm",vadilal-bhindi-cuts-312-gm,Vegetables,Vegetables
9753767936297,"Vadilal Bhindi Cuts Bulk - 908g",vadilal-bhindi-cuts-bulk-908g,Vegetables,Vegetables
9753761481001,"Vadilal Bhindi Whole - 312gm",vadilal-bhindi-whole-312gm,Vegetables,Vegetables
9753760170281,"Vadilal Bulk Mixed Vegetables (Indian Style ) - 908gm",vadilal-bulk-mixed-vegetables-indian-style-908gm,Vegetables,Vegetables
9753755681065,"Vadilal Carrot - 312gm",vadilal-carrot-312gm,Vegetables,Vegetables
9753754894633,"Vadilal Cassava Chunks - 312gm",vadilal-cassava-chunks-312gm,Vegetables,Vegetables
9753757614377,"Vadilal Cassava Cuts - 312gm",vadilal-cassava-cuts-312gm,Vegetables,Vegetables
9753755484457,"Vadilal Cauliflower - 312gm",vadilal-cauliflower-312gm,Vegetables,Vegetables
9753750536489,"Vadilal Chikoo Slices - 312gm",vadilal-chikoo-slices-312gm,Fruits,Fruits
9753748767017,"Vadilal Coconut Slices - 312gm",vadilal-coconut-slices-312gm,Fruits,Fruits
9753783992617,"Vadilal Custard Apple Pulp - 800gm",vadilal-custard-apple-pulp-800gm,Frozen,Frozen
9753769836841,"Vadilal Drumstick - 312gm",vadilal-drumstick-312gm,Vegetables,Vegetables
9753768853801,"Vadilal Drumstick Bulk - 908gm",vadilal-drumstick-bulk-908gm,Vegetables,Vegetables
9753756008745,"Vadilal Dudhi - 312gm",vadilal-dudhi-312gm,Vegetables,Vegetables
9753759645993,"Vadilal Dum Aloo - 312gm",vadilal-dum-aloo-312gm,Vegetables,Vegetables
9753759482153,"Vadilal Fansi - 312gm",vadilal-fansi-312gm,Vegetables,Vegetables
9753768493353,"Vadilal Fro Parwal - 312gm",vadilal-fro-parwal-312gm,Vegetables,Vegetables
9753774653737,"Vadilal Fro Surti Papdi Lilva - 312gm",vadilal-fro-surti-papdi-lilva-312gm,Vegetables,Vegetables
9753747161385,"Vadilal Frozen Banganapalli Mango Slices 312gm",vadilal-frozen-banganapalli-mango-slices-312gm,Fruits,Fruits
9753794674985,"Vadilal Frozen Cylindrical Kulfi Chocolate 80ml",vadilal-frozen-cylindrical-kulfi-chocolate-80ml,"Ice Cream","Ice Cream"
9753803948329,"Vadilal Frozen Cylindrical Kulfi Malai Rabri  80ml",vadilal-frozen-cylindrical-kulfi-malai-rabri-80ml,"Ice Cream","Ice Cream"
9753762005289,"Vadilal Frozen Falsa 312gm",vadilal-frozen-falsa-312gm,Vegetables,Vegetables
9753812893993,"Vadilal Frozen Gobhi Paratha - 400gm",vadilal-frozen-gobhi-paratha-400gm,"Naan & Breads","Naan & Breads"
9753795625257,"Vadilal Frozen Jackfruit Ice Cream 500ml",vadilal-frozen-jackfruit-ice-cream-500ml,"Ice Cream","Ice Cream"
9753797755177,"Vadilal Frozen Kachcha Pakka Aam Dolly  60ml",vadilal-frozen-kachcha-pakka-aam-dolly-60ml,"Ice Cream","Ice Cream"
9753762169129,"Vadilal Frozen Lila Lahsun 312gm",vadilal-frozen-lila-lahsun-312gm,Vegetables,Vegetables
9753775604009,"Vadilal Frozen Tuver Lilva (Green Pigeon Peas) 908G",vadilal-frozen-tuver-lilva-green-pigeon-peas-908g,Vegetables,Vegetables
9753762332969,"Vadilal Frozen Tender Jackfruit Cuts 312gm",vadilal-frozen-tender-jackfruit-cuts-312gm,Vegetables,Vegetables
9753775210793,"Vadilal Green Peas - 312 gm",vadilal-green-peas-312-gm,Vegetables,Vegetables
9753775374633,"Vadilal Green Peas Bulk - 908gm",vadilal-green-peas-bulk-908gm,Vegetables,Vegetables
9753747554601,"Vadilal Guava Pulp - 1KG",vadilal-guava-pulp-1kg,Fruits,Fruits
9753754698025,"Vadilal Guvar - 312 gm",vadilal-guvar-312-gm,Vegetables,Vegetables
9753744671017,"Vadilal Jamun - 312gms",vadilal-jamun-312gms,Fruits,Fruits
9753769214249,"Vadilal Kala Chana - 312gm",vadilal-kala-chana-312gm,Vegetables,Vegetables
9753770197289,"Vadilal Kantola Cuts - 312gm",vadilal-kantola-cuts-312gm,Vegetables,Vegetables
9753759121705,"Vadilal Karela - 312 gm",vadilal-karela-312-gm,Vegetables,Vegetables
9753768132905,"Vadilal Karela Bulk - 908gm",vadilal-karela-bulk-908gm,Vegetables,Vegetables
9753745686825,"Vadilal Kesar Mango Slices - 312gm",vadilal-kesar-mango-slices-312gm,Fruits,Fruits
9753757057321,"Vadilal Lotus Root - 312gm",vadilal-lotus-root-312gm,Vegetables,Vegetables
9753770393897,"Vadilal Methi Block (Bulk) - 908gm",vadilal-methi-block-bulk-908gm,Vegetables,Vegetables
9753760366889,"Vadilal Methi Block - 312gm",vadilal-methi-block-312gm,Vegetables,Vegetables
9753817743657,"Vadilal Methi Paratha - 100gm",vadilal-methi-paratha-100gm,"Naan & Breads","Naan & Breads"
9753818005801,"Vadilal Microwav Roti Chapathi - 40gm",vadilal-microwav-roti-chapathi-40gm,"Naan & Breads","Naan & Breads"
9753816891689,"Vadilal Mix Veg Paratha - 400gm",vadilal-mix-veg-paratha-400gm,"Naan & Breads","Naan & Breads"
9753760530729,"Vadilal Mixed Veg (Indian Style) - 312gm",vadilal-mixed-veg-indian-style-312gm,Vegetables,Vegetables
9753761349929,"Vadilal Mixed Vegitables - 312gm",vadilal-mixed-vegitables-312gm,Vegetables,Vegetables
9753812500777,"Vadilal Onion Kulcha - 400gm",vadilal-onion-kulcha-400gm,"Naan & Breads","Naan & Breads"
9753757778217,"Vadilal Orange Pumpkin - 312gm",vadilal-orange-pumpkin-312gm,Vegetables,Vegetables
9753761120553,"Vadilal Orange Turmeric - 312gm",vadilal-orange-turmeric-312gm,Vegetables,Vegetables
9753816826153,"Vadilal Paneer Kulcha - 400gm",vadilal-paneer-kulcha-400gm,"Naan & Breads","Naan & Breads"
9753744998697,"Vadilal Pink Guava Slices - 312gm",vadilal-pink-guava-slices-312gm,Fruits,Fruits
9753817841961,"Vadilal Plain Kulcha (5) - 80gm",vadilal-plain-kulcha-5-80gm,"Naan & Breads","Naan & Breads"
9753811353897,"Vadilal Plain Puri (12) - 20gm",vadilal-plain-puri-12-20gm,"Naan & Breads","Naan & Breads"
9753749160233,"Vadilal Pomegranate - 312gm",vadilal-pomegranate-312gm,Fruits,Fruits
9753756238121,"Vadilal Punjabi Tinda - 312gm",vadilal-punjabi-tinda-312gm,Vegetables,Vegetables
9753763250473,"Vadilal Quick Treat Frozen Green Peas & Carrots - 312gm",vadilal-quick-treat-frozen-green-peas-carrots-312gm,Vegetables,Vegetables
9753768657193,"Vadilal Quick Treat Frozen Pindi Chhole (White Chickpeas) - 312gm",vadilal-quick-treat-frozen-pindi-chhole-white-chickpeas-312gm,Vegetables,Vegetables
9753768329513,"Vadilal Quick Treat Frozen Snake Gourd Pandola - 312gm",vadilal-quick-treat-frozen-snake-gourd-pandola-312gm,Vegetables,Vegetables
9753794543913,"Vadilal Quick Treat Kulfi Kewra Ice Cream 80ml",vadilal-quick-treat-kulfi-kewra-ice-cream-80ml,"Ice Cream","Ice Cream"
9753757483305,"Vadilal Ravaiya - 312gm",vadilal-ravaiya-312gm,Vegetables,Vegetables
9753770524969,"Vadilal Red Baby Onion - 312gm",vadilal-red-baby-onion-312gm,Vegetables,Vegetables
9753757286697,"Vadilal Sambar Mix - 312gm",vadilal-sambar-mix-312gm,Vegetables,Vegetables
9753789595945,"Vadilal Sangam Kaju Katli - 340gm",vadilal-sangam-kaju-katli-340gm,Frozen,Frozen
9753747718441,"Vadilal Sapota Slices - 312gms",vadilal-sapota-slices-312gms,Fruits,Fruits
9753756500265,"Vadilal Sarson - 312gm",vadilal-sarson-312gm,Vegetables,Vegetables
9753753321769,"Vadilal Shredded Coconut - 312gm",vadilal-shredded-coconut-312gm,Fruits,Fruits
9753745490217,"Vadilal Sugar Cane Pcs - 312gm",vadilal-sugar-cane-pcs-312gm,Fruits,Fruits
9753755844905,"Vadilal Sweet Corn - 312gm",vadilal-sweet-corn-312gm,Vegetables,Vegetables
9753811583273,"Vadilal Tandoori Roti (5) - 70gm",vadilal-tandoori-roti-5-70gm,"Naan & Breads","Naan & Breads"
9753770000681,"Vadilal Tindora (Bulk) - 908gm",vadilal-tindora-bulk-908gm,Vegetables,Vegetables
9753755124009,"Vadilal Tindora - 312gm",vadilal-tindora-312gm,Vegetables,Vegetables
9753756664105,"Vadilal Val Papdi - 312gm",vadilal-val-papdi-312gm,Vegetables,Vegetables
9753774850345,"Vadilal Valor Lilva - 312gm",vadilal-valor-lilva-312gm,Vegetables,Vegetables
9753745326377,"Vadilal White Guava Slices - 312gm",vadilal-white-guava-slices-312gm,Fruits,Fruits
9753721635113,"Wagh Bakri 3 in1 Cardamom - 260gm",wagh-bakri-3-in1-cardamom-260gm,Tea,Tea
9753713410345,"Wagh Bakri Cardamom Tea Bags 200gm",wagh-bakri-cardamom-tea-bags-200gm,Tea,Tea
9753721831721,"Wagh Bakri Ginger Tea 200gm (100 Bags)",wagh-bakri-ginger-tea-200gm-100-bags,Tea,Tea
9753720652073,"Wagh Bakri Green Tea Honey & Lemon - 37.50gm",wagh-bakri-green-tea-honey-lemon-37-50gm,Tea,Tea
9753720881449,"Wagh Bakri Green Tea Original Tea Bags - 37.50gm",wagh-bakri-green-tea-original-tea-bags-37-50gm,Tea,Tea
9753723207977,"Wagh Bakri Ice tea Lemon Flavour 200 gms",wagh-bakri-ice-tea-lemon-flavour-200-gms,Tea,Tea
9753722028329,"Wagh Bakri Instant Cardamom Tea Bag 200gm",wagh-bakri-instant-cardamom-tea-bag-200gm,Tea,Tea
9753737724201,"Wagh Bakri Instant Cardmon 3 in 1 - 140gm",wagh-bakri-instant-cardmon-3-in-1-140gm,Tea,Tea
9753708560681,"Wagh Bakri Instant Cardmon Tea 260gm",wagh-bakri-instant-cardmon-tea-260gm,Tea,Tea
9753721078057,"Wagh Bakri Instant Combo Tea 312gm",wagh-bakri-instant-combo-tea-312gm,Tea,Tea
9753708790057,"Wagh Bakri Instant Ginger Tea Bag 260gm",wagh-bakri-instant-ginger-tea-bag-260gm,Tea,Tea
9753708953897,"Wagh Bakri Instant Masala Tea Bag 260gm",wagh-bakri-instant-masala-tea-bag-260gm,Tea,Tea
9753737920809,"Wagh Bakri Instant Tea Premix - 312gm",wagh-bakri-instant-tea-premix-312gm,Tea,Tea
9753722421545,"Wagh Bakri Instant Unsweet Ginger Tea Bag 260gm",wagh-bakri-instant-unsweet-ginger-tea-bag-260gm,Tea,Tea
9753710330153,"Wagh Bakri Masala Tea Bag - 200gm",wagh-bakri-masala-tea-bag-200gm,Tea,Tea
9753737199913,"Wagh Bakri Premium Assam Tea Bags 100 Tea Bags",wagh-bakri-premium-assam-tea-bags-100-tea-bags,Tea,Tea
9753726779689,"Wagh Bakri Premium Leaf Tea Poly Pack 1KG",wagh-bakri-premium-leaf-tea-poly-pack-1kg,Tea,Tea
9753737396521,"Wagh Bakri Premium Loose Black Leaf Tea (Box) - 500gm",wagh-bakri-premium-loose-black-leaf-tea-box-500gm,Tea,Tea
9753721405737,"Wagh Bakri Premium Tea - 1KG",wagh-bakri-premium-tea-1kg,Tea,Tea
9753722618153,"Wagh Bakri Premium Tea - 2LB",wagh-bakri-premium-tea-2lb,Tea,Tea
9753727009065,"Wagh Bakri Premium Tea 1LB",wagh-bakri-premium-tea-1lb,Tea,Tea
9753731236137,"Wagh Bakri Premium Tea 400gm",wagh-bakri-premium-tea-400gm,Tea,Tea
9753737036073,"Wagh Bakri Premium Tea 500gm",wagh-bakri-premium-tea-500gm,Tea,Tea
9753722781993,"Wagh Bakri Premium Tea Bags 200gm",wagh-bakri-premium-tea-bags-200gm,Tea,Tea
9753717276969,"Wagh Bakri Reg Tea Bag 200gm",wagh-bakri-reg-tea-bag-200gm,Tea,Tea
9753725042985,"Wagh Bakri Tea - 1LB",wagh-bakri-tea-1lb,Tea,Tea
9753736511785,"Wagh Bakri Tea - 3LB",wagh-bakri-tea-3lb-1,Tea,Tea
9753722978601,"Wagh Bakri Tea 3LB",wagh-bakri-tea-3lb,Tea,Tea
9753718980905,"Wagh Bakri Unsweet Cardamom Tea Bag 140gm",wagh-bakri-unsweet-cardamom-tea-bag-140gm,Tea,Tea
9753737560361,"Wagh Bakri Unsweet Masala Tea Bag 140gm",wagh-bakri-unsweet-masala-tea-bag-140gm,Tea,Tea
9753722224937,"Wagh Bakri Unsweet Masala Tea Bag 260gm",wagh-bakri-unsweet-masala-tea-bag-260gm,Tea,Tea
9753678905641,"Yellow Onion 2LB",yellow-onion-2lb,vegetables,vegetables
